{"spot_diameter_fullres": 89.58485987675493, "tissue_hires_scalef": 0.150015, "fiducial_diameter_fullres": 144.71400441629643, "tissue_lowres_scalef": 0.045004502}